Feijóo acusa a Sánchez de meter a España en la legislatura de la extorsión,https://www.telemadrid.es/noticias/nacional/Feijoo-acusa-a-Sanchez-de-meter-a-Espana-en-la-legislatura-de-la-extorsion-0-2633136666--20240113015249.html,noticias,2024/01/13
La nieve llena la sierra de madrileños,https://www.telemadrid.es/noticias/madrid/La-nieve-llena-la-sierra-de-madrilenos-0-2633136661--20240113083150.html,noticias,2024/01/13
Así será la borrasca Hipólito a su paso por España este fin de semana,https://www.telemadrid.es/noticias/sociedad/Asi-sera-la-borrasca-Hipolito-a-su-paso-por-Espana-este-fin-de-semana-0-2632836763--20240112064955.html,noticias,2024/01/12
Fuenlabrada retoma este domingo sus rutas teatralizadas por el casco histórico,/noticias/madrid/Fuenlabrada-retoma-este-domingo-sus-rutas-teatralizadas-por-el-casco-historico-0-2632836772--20240112084826.html,noticias,2024/01/12
Jorge Blass Nuria Espert y el Ballet Nacional de España entre las propuestas del MIRA de Pozuelo de Alarcón,/noticias/madrid/Jorge-Blass-Nuria-Espert-y-el-Ballet-Nacional-de-Espana-entre-las-propuestas-del-MIRA-de-Pozuelo-de-Alarcon-0-2632536778--20240111055841.html,noticias,2024/01/11
Nueva invasión de zombies en Ciempozuelos el 20 de enero,/noticias/madrid/Nueva-invasion-de-zombies-en-Ciempozuelos-el-20-de-enero-0-2632536771--20240111035758.html,noticias,2024/01/11
Las películas candidatas a los Goya en ALCINE de Alcalá,/noticias/madrid/Las-peliculas-candidatas-a-los-Goya-en-ALCINE-de-Alcala-0-2632536767--20240111021954.html,noticias,2024/01/11
7 lugares para disfrutar de la nieve en Madrid,/noticias/madrid/7-lugares-para-disfrutar-de-la-nieve-en-la-Comunidad-de-Madrid-0-2632236785--20240110010956.html,noticias,2024/01/10
Beatbox petanca fotografía y mucho más en el enero cultural de Parla,/noticias/madrid/Beatbox-petanca-fotografia-y-mucho-mas-en-el-enero-cultural-de-Parla-0-2632236780--20240110014635.html,noticias,2024/01/10
Los jueves en Móstoles se pasan en familia,/noticias/madrid/Los-jueves-en-Mostoles-se-pasan-en-familia-0-2632236777--20240110012501.html,noticias,2024/01/10
‘Inverfest’ llega a Fuenlabrada con Nena Daconte Emilio Gutiérrez Caba Siloé y Johnny Garso,/noticias/madrid/Inverfest-llega-a-Fuenlabrada-con-Nena-Daconte-Emilio-Gutierrez-Caba-Siloe-y-Johnny-Garso-0-2632236775--20240110010320.html,noticias,2024/01/10
Fuenlabrada Leganés Nuevo Baztán... ¿Están todos los pueblos y municipios de Madrid en alguna calle o plaza de la capital?,/noticias/madrid/Fuenlabrada-Leganes-Nuevo-Baztan-Estan-todos-los-pueblos-y-municipios-de-Madrid-en-alguna-calle-o-plaza-de-la-capital-0-2631936791--20240109080300.html,noticias,2024/01/09
Vecinos de Getafe piden recuperar una carretera al núcleo urbano para no pasar por el término de Madrid,/noticias/madrid/Vecinos-de-Getafe-piden-recuperar-una-carretera-al-nucleo-urbano-para-no-pasar-por-el-termino-de-Madrid-0-2632836767--20240112073832.html,noticias,2024/01/12
El Hospital Príncipe de Asturias de Alcalá de Henares premio INNOVA-H 2023,/noticias/madrid/El-Hospital-Principe-de-Asturias-de-Alcala-de-Henares-premio-INNOVA-H-2023-0-2632836756--20240112055806.html,noticias,2024/01/12
Rivas recupera este sábado el bosque mediterráneo en el Parque Regional del Sureste,/noticias/madrid/Rivas-recupera-este-sabado-el-bosque-mediterraneo-en-el-Parque-Regional-del-Sureste-0-2632836722--20240112120715.html,noticias,2024/01/12
Un informe policial apuntala la tesis del atropello intencionado que dejó 4 muertos en Torrejón,/noticias/madrid/Un-informe-policial-apuntala-la-tesis-del-atropello-intencionado-que-dejo-4-muertos-en-Torrejon-0-2632836727--20240112120127.html,noticias,2024/01/12
Siete detenidos por agredir sexualmente a una joven a la que retenían y obligaban a drogarse en un local de Parla,/noticias/madrid/Siete-detenidos-por-agredir-sexualmente-a-una-joven-a-la-que-retenian-y-obligaban-a-drogarse-en-un-local-de-Parla-0-2632836708--20240112102436.html,noticias,2024/01/12
Ana Obregón una pregonera de lujo en las fiestas de Alcobendas,/noticias/madrid/Ana-Obregon-una-pregonera-de-lujo-en-las-fiestas-de-Alcobendas-0-2632536802--20240111103007.html,noticias,2024/01/11
Estos son los Óscar científicos y técnicos también hay premios para la tecnología,/noticias/cultura/Estos-son-los-Oscar-cientificos-y-tecnicos-tambien-hay-premios-para-la-tecnologia-0-2632536792--20240111112215.html,noticias,2024/01/11
Un error informático una falsa acusación y un escándalo en Reino Unido,/noticias/sociedad/Un-error-informatico-una-falsa-acusacion-y-un-escandalo-en-Reino-Unido-0-2631936822--20240109035922.html,noticias,2024/01/09
Telemadrid despedirá el año con  la San Silvestre Vallecana el mensaje de Ayuso y las Campanadas,/noticias/madrid/Telemadrid-despedira-el-ano-con-la-San-Silvestre-Vallecana-el-mensaje-de-Ayuso-y-las-Campanadas-0-2629237051--20231231084231.html,noticias,2023/12/31
Palos y botellas en la pelea entre ultras de Bukaneros y Brigadas Alcalaínas,https://www.telemadrid.es/noticias/madrid/Palos-latas-de-cerveza-botellas-y-cocaina-en-la-pelea-entre-ultras-de-Bukaneros-y-Brigadas-Alcalainas-0-2633736609--20240115105012.html,noticias,2024/01/15
Fuenlabrada retoma este domingo sus rutas teatralizadas por el casco histórico,/noticias/madrid/Fuenlabrada-retoma-este-domingo-sus-rutas-teatralizadas-por-el-casco-historico-0-2632836772--20240112084826.html,noticias,2024/01/12
Jorge Blass Nuria Espert y el Ballet Nacional de España entre las propuestas del MIRA de Pozuelo de Alarcón,/noticias/madrid/Jorge-Blass-Nuria-Espert-y-el-Ballet-Nacional-de-Espana-entre-las-propuestas-del-MIRA-de-Pozuelo-de-Alarcon-0-2632536778--20240111055841.html,noticias,2024/01/11
Nueva invasión de zombies en Ciempozuelos el 20 de enero,/noticias/madrid/Nueva-invasion-de-zombies-en-Ciempozuelos-el-20-de-enero-0-2632536771--20240111035758.html,noticias,2024/01/11
Las películas candidatas a los Goya en ALCINE de Alcalá,/noticias/madrid/Las-peliculas-candidatas-a-los-Goya-en-ALCINE-de-Alcala-0-2632536767--20240111021954.html,noticias,2024/01/11
7 lugares para disfrutar de la nieve en Madrid,/noticias/madrid/7-lugares-para-disfrutar-de-la-nieve-en-la-Comunidad-de-Madrid-0-2632236785--20240110010956.html,noticias,2024/01/10
Beatbox petanca fotografía y mucho más en el enero cultural de Parla,/noticias/madrid/Beatbox-petanca-fotografia-y-mucho-mas-en-el-enero-cultural-de-Parla-0-2632236780--20240110014635.html,noticias,2024/01/10
Los jueves en Móstoles se pasan en familia,/noticias/madrid/Los-jueves-en-Mostoles-se-pasan-en-familia-0-2632236777--20240110012501.html,noticias,2024/01/10
Iniciada en Fuenlabrada la instalación de las pantallas acústicas de Cercanías,/noticias/madrid/Iniciada-en-Fuenlabrada-la-instalacion-de-las-pantallas-acusticas-de-Cercanias-0-2633736630--20240115015505.html,noticias,2024/01/15
Getafe entrega 40 nuevas pulseras de localización a niños con TEA,/noticias/madrid/Getafe-entrega-40-nuevas-pulseras-de-localizacion-a-ninos-con-TEA-0-2633736621--20240115121041.html,noticias,2024/01/15
21 municipios madrileños incumplen aún la obligación de implantar zonas de bajas emisiones,/noticias/madrid/21-municipios-madrilenos-incumplen-aun-la-obligacion-de-implantar-zonas-de-bajas-emisiones-0-2633736602--20240115084934.html,noticias,2024/01/15
Alcalá de Henares creará una nueva unidad de Policía Local para mejorar la seguridad en los barrios,/noticias/madrid/Alcala-de-Henares-creara-una-nueva-unidad-de-Policia-Local-para-mejorar-la-seguridad-en-los-barrios-0-2633436640--20240114013008.html,noticias,2024/01/14
Los bomberos extinguen el incendio de una vivienda en Parla sin heridos ni intoxicados,/noticias/madrid/Los-bomberos-extinguen-el-incendio-de-una-vivienda-en-Parla-sin-heridos-ni-intoxicados-0-2633436631--20240114082312.html,noticias,2024/01/14
Una reina de Inglaterra nacida en Alcalá de Henares,/noticias/madrid/Una-reina-de-Inglaterra-nacida-en-Alcala-de-Henares-0-2632836732--20240112081200.html,noticias,2024/01/12
Cinco heridos por un accidente de tráfico múltiple en Alcorcón,/noticias/madrid/Cinco-heridos-por-un-accidente-de-trafico-multiple-en-Alcorcon-0-2633136678--20240113093046.html,noticias,2024/01/13
Identificados los presuntos asesinos de dos hermanos de Fuente el Saz acribillados en Casarrubios,/noticias/madrid/Identificados-los-presuntos-asesinos-de-dos-hermanos-de-Fuente-el-Saz-acribillados-en-Casarrubios-0-2633136663--20240113114521.html,noticias,2024/01/13
Reyerta multitudinaria en Alcalá de Henares con  tres detenidos y seis heridos,/noticias/madrid/Reyerta-multitudinaria-en-Alcala-de-Henares-con-tres-detenidos-y-seis-heridos-0-2633136662--20240113111849.html,noticias,2024/01/13
Fuenlabrada Leganés Nuevo Baztán... ¿Están todos los pueblos y municipios de Madrid en alguna calle o plaza de la capital?,/noticias/madrid/Fuenlabrada-Leganes-Nuevo-Baztan-Estan-todos-los-pueblos-y-municipios-de-Madrid-en-alguna-calle-o-plaza-de-la-capital-0-2631936791--20240109080300.html,noticias,2024/01/09
Estos son los Óscar científicos y técnicos también hay premios para la tecnología,/noticias/cultura/Estos-son-los-Oscar-cientificos-y-tecnicos-tambien-hay-premios-para-la-tecnologia-0-2632536792--20240111112215.html,noticias,2024/01/11
Un error informático una falsa acusación y un escándalo en Reino Unido,/noticias/sociedad/Un-error-informatico-una-falsa-acusacion-y-un-escandalo-en-Reino-Unido-0-2631936822--20240109035922.html,noticias,2024/01/09
Telemadrid despedirá el año con  la San Silvestre Vallecana el mensaje de Ayuso y las Campanadas,/noticias/madrid/Telemadrid-despedira-el-ano-con-la-San-Silvestre-Vallecana-el-mensaje-de-Ayuso-y-las-Campanadas-0-2629237051--20231231084231.html,noticias,2023/12/31
