Marta Hazas invitada de Minerva Piquero en “La vida es bella” en Onda Madrid,/corporativo/sala-de-prensa/Marta-Hazas-invitada-de-Minerva-Piquero-en-La-vida-es-bella-en-Onda-Madrid-0-2632536744--20240111114158.html,corporativo,2024/01/11
Telemadrid cierra su programación navideña con ‘Madrid Directo Especial Cabalgata de Reyes’ y la retransmisión de la Pascua Militar,/corporativo/sala-de-prensa/Telemadrid-cierra-su-programacion-navidena-con-Madrid-Directo-Especial-Cabalgata-de-Reyes-y-la-retransmision-de-la-Pascua-Militar-0-2630436957--20240104124817.html,corporativo,2024/01/04
Los informativos de Telemadrid cierran 2023 con el mejor dato de audiencia de los últimos 13 años,/corporativo/sala-de-prensa/Los-informativos-de-Telemadrid-cierran-2023-con-el-mejor-dato-de-audiencia-de-los-ultimos-13-anos-0-2629837004--20240102112551.html,corporativo,2024/01/02
Vuelve a Telemadrid el ‘Show de los Inocentes’ de Bertín Osborne,/corporativo/sala-de-prensa/Vuelve-a-Telemadrid-el-Show-de-los-Inocentes-de-Bertin-Osborne-0-2627737222--20231226125054.html,corporativo,2023/12/26
Paco Roncero enfrenta a Natalia Rodríguez Anthony Blake y Fabiola Martínez para hacer la mejor receta con unos langostinos sobrantes,/corporativo/sala-de-prensa/Paco-Roncero-enfrenta-a-Natalia-Rodriguez-Anthony-Blake-y-Fabiola-Martinez-para-hacer-la-mejor-receta-con-unos-langostinos-sobrantes-0-2626537345--20231222121118.html,corporativo,2023/12/22
Conchita y Pablo Cebrián acompañarán este viernes a Minerva Piquero en ‘La vida es bella’,/corporativo/sala-de-prensa/Conchita-y-Pablo-Cebrian-acompanaran-este-viernes-a-Minerva-Piquero-en-La-vida-es-bella-0-2626237369--20231221121301.html,corporativo,2023/12/21
Telemadrid da un like a la magia y a la ilusión,/corporativo/sala-de-prensa/Telemadrid-da-un-like-a-la-magia-y-a-la-ilusion-0-2625637416--20231219100501.html,corporativo,2023/12/19
TeleMadrid recibe el premio de la Unión de Federaciones Deportivas Madrileñas por su apoyo al deporte madrileño,/corporativo/sala-de-prensa/TeleMadrid-recibe-el-premio-de-la-Union-de-Federaciones-Deportivas-Madrilenas-por-su-apoyo-al-deporte-madrileno-0-2624437551--20231215121756.html,corporativo,2023/12/15
Madrid Directo pone el árbol de Navidad de Telemadrid: un abeto de 14 metros que plantó el equipo del programa hace 25 años,/corporativo/sala-de-prensa/Madrid-Directo-pone-el-arbol-de-Navidad-de-Telemadrid-un-abeto-de-14-metros-que-planto-el-equipo-del-programa-hace-25-anos-0-2624437539--20231215094754.html,corporativo,2023/12/15
TeleMadrid y la televisión de Beijing firman un convenio de colaboración para dar a conocer la cultura y potencial turístico de ambas regiones,/corporativo/sala-de-prensa/TeleMadrid-y-la-television-de-Beijing-firman-un-convenio-de-colaboracion-para-dar-a-conocer-la-cultura-y-potencial-turistico-de-ambas-regiones-0-2624137602--20231214023024.html,corporativo,2023/12/14
Sergio Dalma será el invitado de Minerva Piquero en ‘La vida es bella’ de Onda Madrid,/corporativo/sala-de-prensa/Sergio-Dalma-sera-el-invitado-de-Minerva-Piquero-en-La-vida-es-bella-de-Onda-Madrid-0-2624137570--20231214094249.html,corporativo,2023/12/14
